<?xml version="1.0" encoding="utf-8"?>
<game GSCVersion="1.25.6227" PGFVersion="0.25" title="My Great Project">
  <tags />
  <resolutionIndependence>0</resolutionIndependence>
  <instructions>Add game instructions here.</instructions>
  <resolution>16</resolution>
  <longDescription>A simple game.</longDescription>
  <prototypes>
    <actor id="id806517" />
    <actor id="id938854" />
    <actor id="id830463" />
    <actor id="id850172" />
    <actor id="id849912" />
    <actor id="id622104" />
    <actor id="id681176" />
  </prototypes>
  <plugins />
  <scenes>
    <scene id="id526770" />
  </scenes>
  <attributes>
    <text id="name">default name</text>
    <real id="time">0</real>
    <integer id="randomSeed">-1</integer>
    <size id="displaySize">
      <real id="width">736</real>
      <real id="height">414</real>
    </size>
    <text id="actorTags" />
    <boolean id="platformConnected">false</boolean>
    <enumeration id="playerType">1</enumeration>
    <playermap id="player1 Keymap">
      <text id="dpadUp" />
      <text id="dpadDown" />
      <text id="dpadLeft" />
      <text id="dpadRight" />
      <text id="buttonX" />
      <text id="buttonY" />
      <text id="buttonA" />
      <text id="buttonB" />
      <text id="start" />
      <text id="select" />
      <text id="leftShoulder1" />
      <text id="rightShoulder1" />
      <text id="leftShoulder2" />
      <text id="rightShoulder2" />
      <text id="leftStickClick" />
      <text id="rightStickClick" />
    </playermap>
    <playermap id="player2 Keymap">
      <text id="dpadUp" />
      <text id="dpadDown" />
      <text id="dpadLeft" />
      <text id="dpadRight" />
      <text id="buttonX" />
      <text id="buttonY" />
      <text id="buttonA" />
      <text id="buttonB" />
      <text id="start" />
      <text id="select" />
      <text id="leftShoulder1" />
      <text id="rightShoulder1" />
      <text id="leftShoulder2" />
      <text id="rightShoulder2" />
      <text id="leftStickClick" />
      <text id="rightStickClick" />
    </playermap>
    <playermap id="player3 Keymap">
      <text id="dpadUp" />
      <text id="dpadDown" />
      <text id="dpadLeft" />
      <text id="dpadRight" />
      <text id="buttonX" />
      <text id="buttonY" />
      <text id="buttonA" />
      <text id="buttonB" />
      <text id="start" />
      <text id="select" />
      <text id="leftShoulder1" />
      <text id="rightShoulder1" />
      <text id="leftShoulder2" />
      <text id="rightShoulder2" />
      <text id="leftStickClick" />
      <text id="rightStickClick" />
    </playermap>
    <playermap id="player4 Keymap">
      <text id="dpadUp" />
      <text id="dpadDown" />
      <text id="dpadLeft" />
      <text id="dpadRight" />
      <text id="buttonX" />
      <text id="buttonY" />
      <text id="buttonA" />
      <text id="buttonB" />
      <text id="start" />
      <text id="select" />
      <text id="leftShoulder1" />
      <text id="rightShoulder1" />
      <text id="leftShoulder2" />
      <text id="rightShoulder2" />
      <text id="leftStickClick" />
      <text id="rightStickClick" />
    </playermap>
    <playermap id="player5 Keymap">
      <text id="dpadUp" />
      <text id="dpadDown" />
      <text id="dpadLeft" />
      <text id="dpadRight" />
      <text id="buttonX" />
      <text id="buttonY" />
      <text id="buttonA" />
      <text id="buttonB" />
      <text id="start" />
      <text id="select" />
      <text id="leftShoulder1" />
      <text id="rightShoulder1" />
      <text id="leftShoulder2" />
      <text id="rightShoulder2" />
      <text id="leftStickClick" />
      <text id="rightStickClick" />
    </playermap>
    <playermap id="player6 Keymap">
      <text id="dpadUp" />
      <text id="dpadDown" />
      <text id="dpadLeft" />
      <text id="dpadRight" />
      <text id="buttonX" />
      <text id="buttonY" />
      <text id="buttonA" />
      <text id="buttonB" />
      <text id="start" />
      <text id="select" />
      <text id="leftShoulder1" />
      <text id="rightShoulder1" />
      <text id="leftShoulder2" />
      <text id="rightShoulder2" />
      <text id="leftStickClick" />
      <text id="rightStickClick" />
    </playermap>
    <playermap id="player7 Keymap">
      <text id="dpadUp" />
      <text id="dpadDown" />
      <text id="dpadLeft" />
      <text id="dpadRight" />
      <text id="buttonX" />
      <text id="buttonY" />
      <text id="buttonA" />
      <text id="buttonB" />
      <text id="start" />
      <text id="select" />
      <text id="leftShoulder1" />
      <text id="rightShoulder1" />
      <text id="leftShoulder2" />
      <text id="rightShoulder2" />
      <text id="leftStickClick" />
      <text id="rightStickClick" />
    </playermap>
    <playermap id="player8 Keymap">
      <text id="dpadUp" />
      <text id="dpadDown" />
      <text id="dpadLeft" />
      <text id="dpadRight" />
      <text id="buttonX" />
      <text id="buttonY" />
      <text id="buttonA" />
      <text id="buttonB" />
      <text id="start" />
      <text id="select" />
      <text id="leftShoulder1" />
      <text id="rightShoulder1" />
      <text id="leftShoulder2" />
      <text id="rightShoulder2" />
      <text id="leftStickClick" />
      <text id="rightStickClick" />
    </playermap>
    <adreward id="adReward">
      <integer id="value">0</integer>
      <text id="name" />
    </adreward>
    <table id="id302278" name="PurchaseTable">PurchaseTable</table>
    <integer id="id803738" name="Gem Count">0</integer>
  </attributes>
</game>