<?xml version="1.0" encoding="utf-8"?>
<actor id="id113871" PGFVersion="0.25" GSCVersion="1.25.6227">
  <attributes>
    <text id="name">Background</text>
    <real id="time">0</real>
    <point id="position">
      <real id="x">0</real>
      <real id="y">0</real>
    </point>
    <size id="size">
      <real id="width">1024</real>
      <real id="height">768</real>
    </size>
    <angle id="rotation">0</angle>
    <color id="color">
      <real id="red">1</real>
      <real id="green">1</real>
      <real id="blue">1</real>
      <real id="alpha">1</real>
    </color>
    <image id="image">backgroundShallow_1024x768</image>
    <text id="tags" />
    <boolean id="preloadArt">true</boolean>
  </attributes>
  <behaviors>
    <behavior id="id411276" class="DisplayTextBehavior" enabled="true">
      <attributes>
        <text id="name">Display "Gem Count"</text>
        <text id="bundleName">DisplayText.behavior</text>
        <text id="text">Gem count: </text>
        <text id="font">Alegreya Sans</text>
        <real id="size">30</real>
        <index id="alignment">0</index>
        <boolean id="wrap">false</boolean>
        <color id="color">
          <real id="red">0.501960784313725</real>
          <real id="green">0</real>
          <real id="blue">1</real>
          <real id="alpha">1</real>
        </color>
        <real id="offsetx">100</real>
        <real id="offsety">705</real>
        <index id="space">1</index>
        <index id="directionSpace">0</index>
        <angle id="direction">0</angle>
      </attributes>
    </behavior>
    <behavior id="id746799" class="DisplayTextBehavior" enabled="true">
      <attributes>
        <text id="name">Display "value"</text>
        <text id="bundleName">DisplayText.behavior</text>
        <text id="text">
          <expression>
            <reference keypath="game.attributes.id455490" />
          </expression>
        </text>
        <text id="font">Cambay</text>
        <real id="size">30</real>
        <index id="alignment">0</index>
        <boolean id="wrap">false</boolean>
        <color id="color">
          <real id="red">0.501960784313725</real>
          <real id="green">0</real>
          <real id="blue">1</real>
          <real id="alpha">1</real>
        </color>
        <real id="offsetx">180</real>
        <real id="offsety">700</real>
        <index id="space">1</index>
        <index id="directionSpace">0</index>
        <angle id="direction">0</angle>
      </attributes>
    </behavior>
    <behavior id="id476241" class="PlaySoundAction" enabled="true">
      <attributes>
        <text id="name">Play Sound</text>
        <text id="bundleName">PlaySound.behavior</text>
        <sound id="soundName">underwater</sound>
        <boolean id="loop">true</boolean>
        <boolean id="runToCompletion">true</boolean>
        <boolean id="positional">false</boolean>
        <boolean id="dopplerShift">false</boolean>
        <real id="volume">1</real>
        <real id="pitch">1</real>
      </attributes>
    </behavior>
  </behaviors>
  <aspects>
    <graphics>
      <attributes>
        <boolean id="visible">true</boolean>
        <enumeration id="blendingMode">0</enumeration>
        <enumeration id="horizontalWrap">0</enumeration>
        <enumeration id="verticalWrap">0</enumeration>
        <enumeration id="horizontalAnchor">0</enumeration>
        <enumeration id="verticalAnchor">0</enumeration>
        <boolean id="flipHorizontally">false</boolean>
        <boolean id="flipVertically">false</boolean>
        <integer id="tileWidth">1024</integer>
        <integer id="tileHeight">768</integer>
      </attributes>
    </graphics>
    <motion>
      <attributes>
        <point id="linearVelocity">
          <real id="x">0</real>
          <real id="y">0</real>
        </point>
        <point id="centerOfMass">
          <real id="x">0</real>
          <real id="y">0</real>
        </point>
        <real id="angularVelocity">0</real>
        <real id="maxSpeed">0</real>
        <boolean id="applyMaxSpeed">false</boolean>
        <boolean id="pin">false</boolean>
      </attributes>
    </motion>
    <physics>
      <attributes>
        <real id="density">1</real>
        <real id="friction">3</real>
        <real id="restitution">1</real>
        <boolean id="fixedRotation">false</boolean>
        <boolean id="movable">true</boolean>
        <enumeration id="collisionShape">0</enumeration>
        <real id="drag">0</real>
        <real id="angularDrag">0</real>
        <boolean id="canSleep">true</boolean>
        <boolean id="betterColisions">false</boolean>
      </attributes>
    </physics>
  </aspects>
</actor>