<?xml version="1.0" encoding="utf-8"?>
<actor id="id464086" PGFVersion="0.25" GSCVersion="1.25.6227">
  <attributes>
    <text id="name">Diver</text>
    <real id="time">0</real>
    <point id="position">
      <real id="x">0</real>
      <real id="y">0</real>
    </point>
    <size id="size">
      <real id="width">120</real>
      <real id="height">120</real>
    </size>
    <angle id="rotation">0</angle>
    <color id="color">
      <real id="red">1</real>
      <real id="green">1</real>
      <real id="blue">1</real>
      <real id="alpha">1</real>
    </color>
    <image id="image">diver1</image>
    <text id="tags" />
    <boolean id="preloadArt">true</boolean>
  </attributes>
  <behaviors>
    <behavior id="id749869" class="AnimateBehavior" enabled="true">
      <attributes>
        <text id="name">Animations</text>
        <text id="bundleName">Animate.behavior</text>
        <text id="images">diver2	diver3	diver4	diver5	diver6	diver7	diver8</text>
        <index id="speed">8</index>
        <boolean id="loop">true</boolean>
        <boolean id="restoreActorImage">true</boolean>
        <text id="currentFrameAttribute" />
      </attributes>
    </behavior>
    <behavior id="id849956" class="CompoundBehavior" enabled="true">
      <attributes>
        <text id="name">Movement</text>
        <text id="bundleName">Group.behavior</text>
        <boolean id="runOnce">false</boolean>
        <boolean id="runSequentially">false</boolean>
      </attributes>
      <behaviors>
        <behavior id="id443327" class="RuleBehavior" enabled="true">
          <attributes>
            <text id="name">Right</text>
            <text id="bundleName">Rule.behavior</text>
            <real id="compoundConditionKind">0</real>
          </attributes>
          <conditions>
            <condition id="id362263" eventType="key" pluginPredicateTypeIndex="0" class="Key">
              <attributes>
                <text id="name">default name</text>
                <index id="conditionType">0</index>
              </attributes>
              <predicate type="key">
                <attributes>
                  <text id="mode">down</text>
                  <text id="keyString">d</text>
                </attributes>
              </predicate>
            </condition>
          </conditions>
          <behaviors>
            <behavior id="id193756" class="ChangeAttributeAction" enabled="true">
              <attributes>
                <text id="name">Speed</text>
                <text id="bundleName">ChangeAttribute.behavior</text>
                <text id="targetAttribute">self.aspects.motion.attributes.linearVelocity.x</text>
                <text id="RHS">100</text>
              </attributes>
            </behavior>
            <behavior id="id550654" class="ChangeAttributeAction" enabled="true">
              <attributes>
                <text id="name">Turning right</text>
                <text id="bundleName">ChangeAttribute.behavior</text>
                <text id="targetAttribute">self.aspects.graphics.attributes.flipHorizontally</text>
                <text id="RHS">0</text>
              </attributes>
            </behavior>
          </behaviors>
        </behavior>
        <behavior id="id299034" class="AccelerateBehavior" enabled="true">
          <attributes>
            <text id="name">Gravity</text>
            <text id="bundleName">Accelerate.behavior</text>
            <angle id="direction">270</angle>
            <index id="space">1</index>
            <real id="acceleration">100</real>
          </attributes>
        </behavior>
        <behavior id="id780394" class="RuleBehavior" enabled="true">
          <attributes>
            <text id="name">Left</text>
            <text id="bundleName">Rule.behavior</text>
            <real id="compoundConditionKind">0</real>
          </attributes>
          <conditions>
            <condition id="id593243" eventType="key" pluginPredicateTypeIndex="0" class="Key">
              <attributes>
                <text id="name">default name</text>
                <index id="conditionType">0</index>
              </attributes>
              <predicate type="key">
                <attributes>
                  <text id="mode">down</text>
                  <text id="keyString">a</text>
                </attributes>
              </predicate>
            </condition>
          </conditions>
          <behaviors>
            <behavior id="id526225" class="ChangeAttributeAction" enabled="true">
              <attributes>
                <text id="name">Speed</text>
                <text id="bundleName">ChangeAttribute.behavior</text>
                <text id="targetAttribute">self.aspects.motion.attributes.linearVelocity.x</text>
                <text id="RHS">-100</text>
              </attributes>
            </behavior>
            <behavior id="id459620" class="ChangeAttributeAction" enabled="true">
              <attributes>
                <text id="name">Turning Left</text>
                <text id="bundleName">ChangeAttribute.behavior</text>
                <text id="targetAttribute">self.aspects.graphics.attributes.flipHorizontally</text>
                <text id="RHS">1</text>
              </attributes>
            </behavior>
          </behaviors>
        </behavior>
        <behavior id="id385819" class="RuleBehavior" enabled="true">
          <attributes>
            <text id="name">Up</text>
            <text id="bundleName">Rule.behavior</text>
            <real id="compoundConditionKind">0</real>
          </attributes>
          <conditions>
            <condition id="id174810" eventType="key" pluginPredicateTypeIndex="0" class="Key">
              <attributes>
                <text id="name">default name</text>
                <index id="conditionType">0</index>
              </attributes>
              <predicate type="key">
                <attributes>
                  <text id="mode">down</text>
                  <text id="keyString">w</text>
                </attributes>
              </predicate>
            </condition>
          </conditions>
          <behaviors>
            <behavior id="id357560" class="ChangeAttributeAction" enabled="true">
              <attributes>
                <text id="name">Change Attribute</text>
                <text id="bundleName">ChangeAttribute.behavior</text>
                <text id="targetAttribute">self.aspects.motion.attributes.linearVelocity.y</text>
                <text id="RHS">150</text>
              </attributes>
            </behavior>
          </behaviors>
        </behavior>
      </behaviors>
    </behavior>
    <behavior id="id164017" class="CompoundBehavior" enabled="true">
      <attributes>
        <text id="name">All Collisions</text>
        <text id="bundleName">Group.behavior</text>
        <boolean id="runOnce">false</boolean>
        <boolean id="runSequentially">false</boolean>
      </attributes>
      <behaviors>
        <behavior id="id966263" class="CollideBehavior" enabled="true">
          <attributes>
            <text id="name">Short Platform_Collide</text>
            <text id="bundleName">Collide.behavior</text>
            <text id="prototypeKey">id322570</text>
            <text id="actorTag">Ground</text>
            <index id="mode">0</index>
          </attributes>
        </behavior>
        <behavior id="id589654" class="CollideBehavior" enabled="true">
          <attributes>
            <text id="name">Long Platform_Collide</text>
            <text id="bundleName">Collide.behavior</text>
            <text id="prototypeKey">id417314</text>
            <text id="actorTag">Ground</text>
            <index id="mode">0</index>
          </attributes>
        </behavior>
        <behavior id="id354625" class="RuleBehavior" enabled="true">
          <attributes>
            <text id="name">Submarin Collide</text>
            <text id="bundleName">Rule.behavior</text>
            <real id="compoundConditionKind">0</real>
          </attributes>
          <conditions>
            <condition id="id382938" eventType="overlaps or collides" pluginPredicateTypeIndex="0" class="Collision">
              <attributes>
                <text id="name">default name</text>
                <index id="conditionType">0</index>
              </attributes>
              <predicate type="collision">
                <attributes>
                  <text id="prototypeKey">id761405</text>
                  <text id="actorTag" />
                  <real id="mode">0</real>
                </attributes>
              </predicate>
            </condition>
          </conditions>
          <behaviors>
            <behavior id="id264407" class="RotateToAngleBehavior" enabled="true">
              <attributes>
                <text id="name">Rotate To Angle</text>
                <text id="bundleName">RotateToAngle.behavior</text>
                <boolean id="runToCompletion">true</boolean>
                <angle id="angle">180</angle>
                <index id="space">1</index>
                <real id="angularVelocity">90</real>
                <boolean id="continuousMovement">false</boolean>
              </attributes>
            </behavior>
            <behavior id="id456172" class="MoveBehavior" enabled="true">
              <attributes>
                <text id="name">Move</text>
                <text id="bundleName">Move.behavior</text>
                <angle id="direction">270</angle>
                <index id="space">0</index>
                <index id="moveType">0</index>
                <real id="speed">300</real>
              </attributes>
            </behavior>
            <behavior id="id728438" class="ChangeAttributeAction" enabled="true">
              <attributes>
                <text id="name">After death fade</text>
                <text id="bundleName">ChangeAttribute.behavior</text>
                <text id="targetAttribute">self.attributes.color.alpha</text>
                <text id="RHS">0.5</text>
              </attributes>
            </behavior>
            <behavior id="id137173" class="TimerBehavior" enabled="true">
              <attributes>
                <text id="name">Timer</text>
                <text id="bundleName">Timer.behavior</text>
                <index id="timerType">1</index>
                <real id="interval">3</real>
                <boolean id="runToCompletion">true</boolean>
              </attributes>
              <behaviors>
                <behavior id="id663876" class="DestroyAction" enabled="true">
                  <attributes>
                    <text id="name">Destroy</text>
                    <text id="bundleName">Destroy.behavior</text>
                  </attributes>
                </behavior>
                <behavior id="id666974" class="ChangeAttributeAction" enabled="true">
                  <attributes>
                    <text id="name">Pearl count resetter</text>
                    <text id="bundleName">ChangeAttribute.behavior</text>
                    <text id="targetAttribute">game.attributes.id455490</text>
                    <text id="RHS">0</text>
                  </attributes>
                </behavior>
                <behavior id="id258653" class="ResetSceneAction" enabled="true">
                  <attributes>
                    <text id="name">Reset Scene</text>
                    <text id="bundleName">ResetScene.behavior</text>
                    <index id="enableAdvertisement">0</index>
                  </attributes>
                </behavior>
              </behaviors>
            </behavior>
          </behaviors>
        </behavior>
      </behaviors>
    </behavior>
    <behavior id="id839974" class="RuleBehavior" enabled="true">
      <attributes>
        <text id="name">Angler Collide</text>
        <text id="bundleName">Rule.behavior</text>
        <real id="compoundConditionKind">0</real>
      </attributes>
      <conditions>
        <condition id="id343548" eventType="overlaps or collides" pluginPredicateTypeIndex="0" class="Collision">
          <attributes>
            <text id="name">default name</text>
            <index id="conditionType">0</index>
          </attributes>
          <predicate type="collision">
            <attributes>
              <text id="prototypeKey">id757223</text>
              <text id="actorTag" />
              <real id="mode">0</real>
            </attributes>
          </predicate>
        </condition>
      </conditions>
      <behaviors>
        <behavior id="id662080" class="RotateToAngleBehavior" enabled="true">
          <attributes>
            <text id="name">Rotate To Angle</text>
            <text id="bundleName">RotateToAngle.behavior</text>
            <boolean id="runToCompletion">true</boolean>
            <angle id="angle">180</angle>
            <index id="space">1</index>
            <real id="angularVelocity">90</real>
            <boolean id="continuousMovement">false</boolean>
          </attributes>
        </behavior>
        <behavior id="id470235" class="MoveBehavior" enabled="true">
          <attributes>
            <text id="name">Move</text>
            <text id="bundleName">Move.behavior</text>
            <angle id="direction">270</angle>
            <index id="space">0</index>
            <index id="moveType">0</index>
            <real id="speed">300</real>
          </attributes>
        </behavior>
        <behavior id="id439621" class="ChangeAttributeAction" enabled="true">
          <attributes>
            <text id="name">Fade</text>
            <text id="bundleName">ChangeAttribute.behavior</text>
            <text id="targetAttribute">self.attributes.color.alpha</text>
            <text id="RHS">0.5</text>
          </attributes>
        </behavior>
        <behavior id="id268095" class="ChangeAttributeAction" enabled="true">
          <attributes>
            <text id="name">No Bounce after death</text>
            <text id="bundleName">ChangeAttribute.behavior</text>
            <text id="targetAttribute">self.aspects.physics.attributes.restitution</text>
            <text id="RHS">0</text>
          </attributes>
        </behavior>
        <behavior id="id248607" class="TimerBehavior" enabled="true">
          <attributes>
            <text id="name">Timer</text>
            <text id="bundleName">Timer.behavior</text>
            <index id="timerType">1</index>
            <real id="interval">2</real>
            <boolean id="runToCompletion">true</boolean>
          </attributes>
          <behaviors>
            <behavior id="id666092" class="DestroyAction" enabled="true">
              <attributes>
                <text id="name">Destroy</text>
                <text id="bundleName">Destroy.behavior</text>
              </attributes>
            </behavior>
            <behavior id="id803005" class="ChangeAttributeAction" enabled="true">
              <attributes>
                <text id="name">Change Attribute</text>
                <text id="bundleName">ChangeAttribute.behavior</text>
                <text id="targetAttribute">game.attributes.id455490</text>
                <text id="RHS">0</text>
              </attributes>
            </behavior>
            <behavior id="id582313" class="ResetSceneAction" enabled="true">
              <attributes>
                <text id="name">Reset Scene</text>
                <text id="bundleName">ResetScene.behavior</text>
                <index id="enableAdvertisement">0</index>
              </attributes>
            </behavior>
          </behaviors>
        </behavior>
      </behaviors>
    </behavior>
  </behaviors>
  <aspects>
    <graphics>
      <attributes>
        <boolean id="visible">true</boolean>
        <enumeration id="blendingMode">0</enumeration>
        <enumeration id="horizontalWrap">0</enumeration>
        <enumeration id="verticalWrap">0</enumeration>
        <enumeration id="horizontalAnchor">0</enumeration>
        <enumeration id="verticalAnchor">0</enumeration>
        <boolean id="flipHorizontally">false</boolean>
        <boolean id="flipVertically">false</boolean>
      </attributes>
    </graphics>
    <motion>
      <attributes>
        <point id="linearVelocity">
          <real id="x">0</real>
          <real id="y">0</real>
        </point>
        <point id="centerOfMass">
          <real id="x">0</real>
          <real id="y">0</real>
        </point>
        <real id="angularVelocity">0</real>
        <real id="maxSpeed">0</real>
        <boolean id="applyMaxSpeed">false</boolean>
        <boolean id="pin">false</boolean>
      </attributes>
    </motion>
    <physics>
      <attributes>
        <real id="density">0</real>
        <real id="friction">0</real>
        <real id="restitution">0.7</real>
        <boolean id="fixedRotation">false</boolean>
        <boolean id="movable">true</boolean>
        <enumeration id="collisionShape">2</enumeration>
        <real id="drag">0</real>
        <real id="angularDrag">0</real>
        <boolean id="canSleep">true</boolean>
        <boolean id="betterColisions">false</boolean>
      </attributes>
    </physics>
  </aspects>
</actor>