<?xml version="1.0" encoding="utf-8"?>
<actor id="id109665" PGFVersion="0.25" GSCVersion="1.25.6227">
  <attributes>
    <text id="name">Pearl</text>
    <real id="time">0</real>
    <point id="position">
      <real id="x">0</real>
      <real id="y">0</real>
    </point>
    <size id="size">
      <real id="width">108</real>
      <real id="height">108</real>
    </size>
    <angle id="rotation">0</angle>
    <color id="color">
      <real id="red">1</real>
      <real id="green">1</real>
      <real id="blue">1</real>
      <real id="alpha">1</real>
    </color>
    <image id="image">pearlSparkle1</image>
    <text id="tags" />
    <boolean id="preloadArt">true</boolean>
  </attributes>
  <behaviors>
    <behavior id="id836685" class="AnimateBehavior" enabled="true">
      <attributes>
        <text id="name">Animate</text>
        <text id="bundleName">Animate.behavior</text>
        <text id="images">pearlSparkle1	pearlSparkle2	pearlSparkle3	pearlSparkle4	pearlSparkle5	pearlSparkle6	pearlSparkle7	pearlSparkle8	pearlSparkle9	pearlSparkle10	pearlSparkle11	pearlSparkle12	pearlSparkle13	pearlSparkle14	pearlSparkle15</text>
        <index id="speed">15</index>
        <boolean id="loop">true</boolean>
        <boolean id="restoreActorImage">false</boolean>
        <text id="currentFrameAttribute" />
      </attributes>
    </behavior>
    <behavior id="id720474" class="RuleBehavior" enabled="true">
      <attributes>
        <text id="name">Pearl Counter and Disappear</text>
        <text id="bundleName">Rule.behavior</text>
        <real id="compoundConditionKind">0</real>
      </attributes>
      <conditions>
        <condition id="id357170" eventType="overlaps or collides" pluginPredicateTypeIndex="0" class="Collision">
          <attributes>
            <text id="name">default name</text>
            <index id="conditionType">0</index>
          </attributes>
          <predicate type="collision">
            <attributes>
              <text id="prototypeKey">id464086</text>
              <text id="actorTag" />
              <real id="mode">0</real>
            </attributes>
          </predicate>
        </condition>
      </conditions>
      <behaviors>
        <behavior id="id679603" class="AnimateBehavior" enabled="true">
          <attributes>
            <text id="name">Animate</text>
            <text id="bundleName">Animate.behavior</text>
            <text id="images">pearlDisappear2	pearlDisappear3	pearlDisappear4	pearlDisappear5	pearlDisappear6	pearlDisappear7	pearlDisappear8	pearlDisappear9	pearlDisappear10	pearlDisappear11	pearlDisappear12	pearlDisappear13	pearlDisappear14</text>
            <index id="speed">14</index>
            <boolean id="loop">true</boolean>
            <boolean id="restoreActorImage">false</boolean>
            <text id="currentFrameAttribute" />
          </attributes>
        </behavior>
        <behavior id="id991718" class="TimerBehavior" enabled="true">
          <attributes>
            <text id="name">Timer</text>
            <text id="bundleName">Timer.behavior</text>
            <index id="timerType">1</index>
            <real id="interval">0.8</real>
            <boolean id="runToCompletion">true</boolean>
          </attributes>
          <behaviors>
            <behavior id="id420917" class="DestroyAction" enabled="true">
              <attributes>
                <text id="name">Destroy</text>
                <text id="bundleName">Destroy.behavior</text>
              </attributes>
            </behavior>
            <behavior id="id874376" class="ChangeAttributeAction" enabled="true">
              <attributes>
                <text id="name">Pearl Counter</text>
                <text id="bundleName">ChangeAttribute.behavior</text>
                <text id="targetAttribute">game.attributes.id455490</text>
                <text id="RHS">
                  <expression>
                    <reference keypath="game.attributes.id455490" />
                    <string xml:space="preserve">+1</string>
                  </expression>
                </text>
              </attributes>
            </behavior>
          </behaviors>
        </behavior>
      </behaviors>
    </behavior>
  </behaviors>
  <aspects>
    <graphics>
      <attributes>
        <boolean id="visible">true</boolean>
        <enumeration id="blendingMode">0</enumeration>
        <enumeration id="horizontalWrap">0</enumeration>
        <enumeration id="verticalWrap">0</enumeration>
        <enumeration id="horizontalAnchor">0</enumeration>
        <enumeration id="verticalAnchor">0</enumeration>
        <boolean id="flipHorizontally">false</boolean>
        <boolean id="flipVertically">false</boolean>
        <integer id="tileWidth">108</integer>
        <integer id="tileHeight">108</integer>
      </attributes>
    </graphics>
    <motion>
      <attributes>
        <point id="linearVelocity">
          <real id="x">0</real>
          <real id="y">0</real>
        </point>
        <point id="centerOfMass">
          <real id="x">0</real>
          <real id="y">0</real>
        </point>
        <real id="angularVelocity">0</real>
        <real id="maxSpeed">0</real>
        <boolean id="applyMaxSpeed">false</boolean>
        <boolean id="pin">false</boolean>
      </attributes>
    </motion>
    <physics>
      <attributes>
        <real id="density">0</real>
        <real id="friction">0</real>
        <real id="restitution">0</real>
        <boolean id="fixedRotation">false</boolean>
        <boolean id="movable">true</boolean>
        <enumeration id="collisionShape">0</enumeration>
        <real id="drag">0</real>
        <real id="angularDrag">0</real>
        <boolean id="canSleep">true</boolean>
        <boolean id="betterColisions">false</boolean>
      </attributes>
    </physics>
  </aspects>
</actor>