<?xml version="1.0" encoding="utf-8"?>
<actor id="id761405" PGFVersion="0.25" GSCVersion="1.25.6227">
  <attributes>
    <text id="name">Submarine</text>
    <real id="time">0</real>
    <point id="position">
      <real id="x">0</real>
      <real id="y">0</real>
    </point>
    <size id="size">
      <real id="width">120</real>
      <real id="height">120</real>
    </size>
    <angle id="rotation">0</angle>
    <color id="color">
      <real id="red">1</real>
      <real id="green">1</real>
      <real id="blue">1</real>
      <real id="alpha">1</real>
    </color>
    <image id="image">submarine0001</image>
    <text id="tags" />
    <boolean id="preloadArt">true</boolean>
    <real id="id749937" name="MyMax">1110</real>
    <real id="id674411" name="MyMin">-100</real>
    <integer id="id259434" name="MySpeed">200</integer>
  </attributes>
  <behaviors>
    <behavior id="id541561" class="AnimateBehavior" enabled="true">
      <attributes>
        <text id="name">Animate</text>
        <text id="bundleName">Animate.behavior</text>
        <text id="images">submarine0001	submarine0002	submarine0003	submarine0004	submarine0005	submarine0006	submarine0007	submarine0008</text>
        <index id="speed">10</index>
        <boolean id="loop">true</boolean>
        <boolean id="restoreActorImage">false</boolean>
        <text id="currentFrameAttribute" />
      </attributes>
    </behavior>
    <behavior id="id722890" class="CompoundBehavior" enabled="true">
      <attributes>
        <text id="name">Patroling</text>
        <text id="bundleName">Group.behavior</text>
        <boolean id="runOnce">false</boolean>
        <boolean id="runSequentially">false</boolean>
      </attributes>
      <behaviors>
        <behavior id="id339602" class="ChangeAttributeAction" enabled="true">
          <attributes>
            <text id="name">Right to Left</text>
            <text id="bundleName">ChangeAttribute.behavior</text>
            <text id="targetAttribute">self.aspects.motion.attributes.linearVelocity.x</text>
            <text id="RHS">
              <expression>
                <reference keypath="self.attributes.id259434" />
              </expression>
            </text>
          </attributes>
        </behavior>
        <behavior id="id253231" class="RuleBehavior" enabled="true">
          <attributes>
            <text id="name">Left to Right</text>
            <text id="bundleName">Rule.behavior</text>
            <real id="compoundConditionKind">0</real>
          </attributes>
          <conditions>
            <condition id="id605749" eventType="mouse position" pluginPredicateTypeIndex="0" class="AttributeCondition">
              <attributes>
                <index id="conditionType">1</index>
                <text id="subjectAttribute">self.attributes.position.x</text>
                <text id="name">default name</text>
              </attributes>
              <predicate type="number">
                <attributes>
                  <text id="operator">&gt;</text>
                  <real id="RHS">
                    <expression>
                      <reference keypath="self.attributes.id749937" />
                    </expression>
                  </real>
                </attributes>
              </predicate>
            </condition>
          </conditions>
          <behaviors>
            <behavior id="id836977" class="ChangeAttributeAction" enabled="true">
              <attributes>
                <text id="name">Change Attribute</text>
                <text id="bundleName">ChangeAttribute.behavior</text>
                <text id="targetAttribute">self.aspects.motion.attributes.linearVelocity.x</text>
                <text id="RHS">
                  <expression>
                    <string xml:space="preserve">-</string>
                    <reference keypath="self.attributes.id259434" />
                  </expression>
                </text>
              </attributes>
            </behavior>
            <behavior id="id759536" class="ChangeAttributeAction" enabled="true">
              <attributes>
                <text id="name">Flip</text>
                <text id="bundleName">ChangeAttribute.behavior</text>
                <text id="targetAttribute">self.aspects.graphics.attributes.flipHorizontally</text>
                <text id="RHS">1</text>
              </attributes>
            </behavior>
          </behaviors>
        </behavior>
        <behavior id="id452330" class="RuleBehavior" enabled="true">
          <attributes>
            <text id="name">Right to Left</text>
            <text id="bundleName">Rule.behavior</text>
            <real id="compoundConditionKind">0</real>
          </attributes>
          <conditions>
            <condition id="id339545" eventType="mouse position" pluginPredicateTypeIndex="0" class="AttributeCondition">
              <attributes>
                <index id="conditionType">1</index>
                <text id="subjectAttribute">self.attributes.position.x</text>
                <text id="name">default name</text>
              </attributes>
              <predicate type="number">
                <attributes>
                  <text id="operator">&lt;</text>
                  <real id="RHS">
                    <expression>
                      <reference keypath="self.attributes.id674411" />
                    </expression>
                  </real>
                </attributes>
              </predicate>
            </condition>
          </conditions>
          <behaviors>
            <behavior id="id548620" class="ChangeAttributeAction" enabled="true">
              <attributes>
                <text id="name">Change Attribute</text>
                <text id="bundleName">ChangeAttribute.behavior</text>
                <text id="targetAttribute">self.aspects.motion.attributes.linearVelocity.x</text>
                <text id="RHS">
                  <expression>
                    <reference keypath="self.attributes.id259434" />
                  </expression>
                </text>
              </attributes>
            </behavior>
            <behavior id="id779525" class="ChangeAttributeAction" enabled="true">
              <attributes>
                <text id="name">Flip</text>
                <text id="bundleName">ChangeAttribute.behavior</text>
                <text id="targetAttribute">self.aspects.graphics.attributes.flipHorizontally</text>
                <text id="RHS">0</text>
              </attributes>
            </behavior>
          </behaviors>
        </behavior>
      </behaviors>
    </behavior>
  </behaviors>
  <aspects>
    <graphics>
      <attributes>
        <boolean id="visible">true</boolean>
        <enumeration id="blendingMode">0</enumeration>
        <enumeration id="horizontalWrap">0</enumeration>
        <enumeration id="verticalWrap">0</enumeration>
        <enumeration id="horizontalAnchor">0</enumeration>
        <enumeration id="verticalAnchor">0</enumeration>
        <boolean id="flipHorizontally">false</boolean>
        <boolean id="flipVertically">false</boolean>
      </attributes>
    </graphics>
    <motion>
      <attributes>
        <point id="linearVelocity">
          <real id="x">0</real>
          <real id="y">0</real>
        </point>
        <point id="centerOfMass">
          <real id="x">0</real>
          <real id="y">0</real>
        </point>
        <real id="angularVelocity">0</real>
        <real id="maxSpeed">0</real>
        <boolean id="applyMaxSpeed">false</boolean>
        <boolean id="pin">false</boolean>
      </attributes>
    </motion>
    <physics>
      <attributes>
        <real id="density">0</real>
        <real id="friction">3</real>
        <real id="restitution">1</real>
        <boolean id="fixedRotation">false</boolean>
        <boolean id="movable">true</boolean>
        <enumeration id="collisionShape">1</enumeration>
        <real id="drag">0</real>
        <real id="angularDrag">0</real>
        <boolean id="canSleep">true</boolean>
        <boolean id="betterColisions">true</boolean>
      </attributes>
    </physics>
  </aspects>
</actor>