<?xml version="1.0" encoding="utf-8"?>
<actor id="id104636" PGFVersion="0.25" GSCVersion="1.25.6227">
  <attributes>
    <text id="name">Seashell</text>
    <real id="time">0</real>
    <point id="position">
      <real id="x">0</real>
      <real id="y">0</real>
    </point>
    <size id="size">
      <real id="width">232</real>
      <real id="height">120</real>
    </size>
    <angle id="rotation">0</angle>
    <color id="color">
      <real id="red">1</real>
      <real id="green">1</real>
      <real id="blue">1</real>
      <real id="alpha">1</real>
    </color>
    <image id="image">seashell1</image>
    <text id="tags" />
    <boolean id="preloadArt">true</boolean>
  </attributes>
  <behaviors>
    <behavior id="id900212" class="CollideBehavior" enabled="true">
      <attributes>
        <text id="name">Collide</text>
        <text id="bundleName">Collide.behavior</text>
        <text id="prototypeKey">id464086</text>
        <text id="actorTag">Ground</text>
        <index id="mode">0</index>
      </attributes>
    </behavior>
    <behavior id="id560193" class="CollideBehavior" enabled="true">
      <attributes>
        <text id="name">Collide</text>
        <text id="bundleName">Collide.behavior</text>
        <text id="prototypeKey">id417314</text>
        <text id="actorTag">Ground</text>
        <index id="mode">0</index>
      </attributes>
    </behavior>
    <behavior id="id235443" class="CollideBehavior" enabled="true">
      <attributes>
        <text id="name">Collide</text>
        <text id="bundleName">Collide.behavior</text>
        <text id="prototypeKey">id322570</text>
        <text id="actorTag">Ground</text>
        <index id="mode">0</index>
      </attributes>
    </behavior>
    <behavior id="id223327" class="AccelerateBehavior" enabled="true">
      <attributes>
        <text id="name">Gravity</text>
        <text id="bundleName">Accelerate.behavior</text>
        <angle id="direction">270</angle>
        <index id="space">1</index>
        <real id="acceleration">100</real>
      </attributes>
    </behavior>
  </behaviors>
  <aspects>
    <graphics>
      <attributes>
        <boolean id="visible">true</boolean>
        <enumeration id="blendingMode">0</enumeration>
        <enumeration id="horizontalWrap">0</enumeration>
        <enumeration id="verticalWrap">0</enumeration>
        <enumeration id="horizontalAnchor">0</enumeration>
        <enumeration id="verticalAnchor">0</enumeration>
        <boolean id="flipHorizontally">false</boolean>
        <boolean id="flipVertically">false</boolean>
        <integer id="tileWidth">232</integer>
        <integer id="tileHeight">120</integer>
      </attributes>
    </graphics>
    <motion>
      <attributes>
        <point id="linearVelocity">
          <real id="x">0</real>
          <real id="y">0</real>
        </point>
        <point id="centerOfMass">
          <real id="x">0</real>
          <real id="y">0</real>
        </point>
        <real id="angularVelocity">0</real>
        <real id="maxSpeed">0</real>
        <boolean id="applyMaxSpeed">false</boolean>
        <boolean id="pin">false</boolean>
      </attributes>
    </motion>
    <physics>
      <attributes>
        <real id="density">1</real>
        <real id="friction">3</real>
        <real id="restitution">0</real>
        <boolean id="fixedRotation">false</boolean>
        <boolean id="movable">true</boolean>
        <enumeration id="collisionShape">0</enumeration>
        <real id="drag">0</real>
        <real id="angularDrag">0</real>
        <boolean id="canSleep">true</boolean>
        <boolean id="betterColisions">false</boolean>
      </attributes>
    </physics>
  </aspects>
</actor>